{
  "collapse-filter": true,
  "search": "- path:_templates",
  "showTags": false,
  "showAttachments": false,
  "hideUnresolved": false,
  "showOrphans": true,
  "collapse-color-groups": true,
  "colorGroups": [
    {
      "query": "path:\"Game World/Characters\"",
      "color": {
        "a": 1,
        "rgb": 5624709
      }
    },
    {
      "query": "path:\"Game World/Dialogues\"",
      "color": {
        "a": 1,
        "rgb": 5395026
      }
    },
    {
      "query": "path:\"Docs/Game mechanics\"",
      "color": {
        "a": 1,
        "rgb": 14701810
      }
    },
    {
      "query": "path:\"Game World/Factions\"",
      "color": {
        "a": 1,
        "rgb": 1534231
      }
    },
    {
      "query": "path:\"Game World/Items\"",
      "color": {
        "a": 1,
        "rgb": 16777215
      }
    },
    {
      "query": "path:\"Game World/Quests\"",
      "color": {
        "a": 1,
        "rgb": 14720594
      }
    },
    {
      "query": "path:Notes",
      "color": {
        "a": 1,
        "rgb": 15524191
      }
    },
    {
      "query": "path:Ideas",
      "color": {
        "a": 1,
        "rgb": 2894381
      }
    }
  ],
  "collapse-display": true,
  "showArrow": true,
  "textFadeMultiplier": -0.6,
  "nodeSizeMultiplier": 1,
  "lineSizeMultiplier": 1,
  "collapse-forces": true,
  "centerStrength": 0.180419921875,
  "repelStrength": 10.2473958333333,
  "linkStrength": 1,
  "linkDistance": 180,
  "scale": 0.32699193253106057,
  "close": false
}