{
  "float-search:search-obsidian-globally": [
    {
      "modifiers": [
        "Alt",
        "Shift"
      ],
      "key": "F"
    }
  ],
  "quickadd:runQuickAdd": [
    {
      "modifiers": [
        "Mod"
      ],
      "key": "]"
    }
  ],
  "darlal-switcher-plus:switcher-plus:open": [
    {
      "modifiers": [
        "Mod"
      ],
      "key": "'"
    }
  ],
  "metaedit:metaEditRun": [
    {
      "modifiers": [
        "Mod"
      ],
      "key": "Numpad6"
    }
  ],
  "editor:toggle-source": [
    {
      "modifiers": [
        "Mod"
      ],
      "key": "Numpad3"
    }
  ]
}