{
  "main": {
    "id": "ddb4b17552ebb5f4",
    "type": "split",
    "children": [
      {
        "id": "22a695e9d5c720a9",
        "type": "tabs",
        "children": [
          {
            "id": "558388323314675d",
            "type": "leaf",
            "state": {
              "type": "markdown",
              "state": {
                "file": "Story/Main storyline.md",
                "mode": "source",
                "backlinks": false,
                "source": false
              }
            }
          }
        ]
      }
    ],
    "direction": "vertical"
  },
  "left": {
    "id": "8d91752aebcca5b4",
    "type": "split",
    "children": [
      {
        "id": "71bb69db8bb94658",
        "type": "tabs",
        "children": [
          {
            "id": "06203a7dcebd48ab",
            "type": "leaf",
            "state": {
              "type": "file-explorer",
              "state": {
                "sortOrder": "alphabetical"
              }
            }
          },
          {
            "id": "172cfe82a88e2f5e",
            "type": "leaf",
            "state": {
              "type": "search",
              "state": {
                "query": "tag:#Backlog",
                "matchingCase": false,
                "explainSearch": false,
                "collapseAll": false,
                "extraContext": false,
                "sortOrder": "alphabetical"
              }
            }
          }
        ]
      }
    ],
    "direction": "horizontal",
    "width": 248.5
  },
  "right": {
    "id": "d634ed4c25d656aa",
    "type": "split",
    "children": [
      {
        "id": "0f04818b8fdad691",
        "type": "tabs",
        "dimension": 53.191489361702125,
        "children": [
          {
            "id": "132ec17c4ca4ac76",
            "type": "leaf",
            "state": {
              "type": "bookmarks",
              "state": {}
            }
          },
          {
            "id": "5ad1f72df7e6726c",
            "type": "leaf",
            "state": {
              "type": "graph",
              "state": {}
            }
          },
          {
            "id": "bf6848d3f7f201e5",
            "type": "leaf",
            "state": {
              "type": "git-view",
              "state": {}
            }
          },
          {
            "id": "8c6a3bb2c0464ef5",
            "type": "leaf",
            "state": {
              "type": "metatable-sidebar-view",
              "state": {}
            }
          },
          {
            "id": "2af8b095acb42e82",
            "type": "leaf",
            "state": {
              "type": "advanced-tables-toolbar",
              "state": {}
            }
          }
        ]
      },
      {
        "id": "91bef7f5a3c08239",
        "type": "tabs",
        "dimension": 46.808510638297875,
        "children": [
          {
            "id": "635528dab9ab145a",
            "type": "leaf",
            "state": {
              "type": "backlink",
              "state": {
                "file": "Story/Main storyline.md",
                "collapseAll": false,
                "extraContext": false,
                "sortOrder": "alphabetical",
                "showSearch": false,
                "searchQuery": "",
                "backlinkCollapsed": false,
                "unlinkedCollapsed": true
              }
            }
          },
          {
            "id": "bb06ba6b611a0091",
            "type": "leaf",
            "state": {
              "type": "outgoing-link",
              "state": {
                "file": "Story/Main storyline.md",
                "linksCollapsed": false,
                "unlinkedCollapsed": true
              }
            }
          },
          {
            "id": "88af1dc33fea47ce",
            "type": "leaf",
            "state": {
              "type": "tag",
              "state": {
                "sortOrder": "frequency",
                "useHierarchy": true
              }
            }
          },
          {
            "id": "4c231a3b02330a8b",
            "type": "leaf",
            "state": {
              "type": "outline",
              "state": {
                "file": "Story/Main storyline.md"
              }
            }
          },
          {
            "id": "b8a2171675dbf551",
            "type": "leaf",
            "state": {
              "type": "localgraph",
              "state": {
                "file": "Story/Main storyline.md",
                "options": {
                  "collapse-filter": true,
                  "search": "",
                  "localJumps": 3,
                  "localBacklinks": true,
                  "localForelinks": true,
                  "localInterlinks": true,
                  "showTags": false,
                  "showAttachments": false,
                  "hideUnresolved": false,
                  "collapse-color-groups": true,
                  "colorGroups": [
                    {
                      "query": "line:(status: published)",
                      "color": {
                        "a": 1,
                        "rgb": 4638799
                      }
                    }
                  ],
                  "collapse-display": true,
                  "showArrow": false,
                  "textFadeMultiplier": -0.7,
                  "nodeSizeMultiplier": 1,
                  "lineSizeMultiplier": 1.08295084635417,
                  "collapse-forces": true,
                  "centerStrength": 0.241617838541667,
                  "repelStrength": 9.36197916666667,
                  "linkStrength": 1,
                  "linkDistance": 250,
                  "scale": 0.46604526316358164,
                  "close": true
                }
              }
            }
          }
        ]
      }
    ],
    "direction": "horizontal",
    "width": 286.5,
    "collapsed": true
  },
  "left-ribbon": {
    "hiddenItems": {
      "switcher:Open quick switcher": true,
      "graph:Open graph view": false,
      "canvas:Create new canvas": true,
      "daily-notes:Open today's daily note": false,
      "templates:Insert template": false,
      "command-palette:Open command palette": false,
      "publish:Publish changes...": true,
      "workspaces:Manage workspace layouts": false,
      "random-note:Open random note": false,
      "darlal-switcher-plus:Open in Headings Mode": false,
      "darlal-switcher-plus:Open Symbols for the active editor": false,
      "float-search:Search Obsidian In Modal": false,
      "obsidian-metatable:Metatable": false,
      "table-editor-obsidian:Advanced Tables Toolbar": false
    }
  },
  "active": "06203a7dcebd48ab",
  "lastOpenFiles": [
    "Game World/Locations",
    "Game World/Dialogues/_TEMP/Optional welcome dialogue.md",
    "Story/Main storyline.md",
    "Story/Acts/Act 0",
    "Story/Acts",
    "Game World/Characters/The Welcomer.md",
    "Game World/Dialogues/_TEMP",
    "Game World/Characters/Main character.md",
    "Notes/Fryderyk Nietzsche Nadludzie.md",
    "Ideas/Battery crafting note.md",
    "• Images and assets/Kim_jest_nadczlowiek.pdf",
    "Docs/Game mechanics/Fight and Combat/Accuracy system.md",
    "Docs/Game mechanics/Health/Wound system.md",
    "Game World/Factions/Bandits.md",
    "_templates/docs_template.md",
    "_templates/idea_template.md",
    "_templates/story_template.md",
    "_templates/character_template.md",
    "Game World/Items/Drinks",
    "Game World/Items/Food",
    "Game World/Items",
    "• Images and assets/accuracy formula.png",
    "Docs/Game mechanics/Health/Untitled.md",
    "Docs/Game mechanics/Health",
    "Docs/Game mechanics/Fight and Combat",
    "• Images and assets",
    "Character information.md",
    "Game World/Characters/Main.md",
    "_templates/note_template.md",
    "Ideas/Untitled.md",
    "Gdzie tatauż boli najmniej.md",
    "Tatuaż męski.md",
    "Miejsce (kategoria).md",
    "Gdzie tatuaż boli najbardziej.md",
    "Tatuaż na ramieniu.md",
    "Tatuaż na przedramieniu.md",
    "Style tatuażu (kategoria) .md",
    "Untitled.canvas"
  ]
}