{
  "main": {
    "id": "695860d9737adcb9",
    "type": "split",
    "children": [
      {
        "id": "66eba0a547b25d6f",
        "type": "tabs",
        "children": [
          {
            "id": "ba5e5e5eaa249e8e",
            "type": "leaf",
            "state": {
              "type": "graph",
              "state": {}
            }
          }
        ]
      }
    ],
    "direction": "vertical"
  },
  "left": {
    "id": "471bc3c175a24271",
    "type": "mobile-drawer",
    "children": [
      {
        "id": "6cf872a380d2742b",
        "type": "leaf",
        "state": {
          "type": "file-explorer",
          "state": {
            "sortOrder": "alphabetical"
          }
        }
      },
      {
        "id": "e3dcf23fac2bf202",
        "type": "leaf",
        "state": {
          "type": "search",
          "state": {
            "query": "",
            "matchingCase": false,
            "explainSearch": false,
            "collapseAll": false,
            "extraContext": false,
            "sortOrder": "alphabetical"
          }
        }
      },
      {
        "id": "c905df7f1847ef25",
        "type": "leaf",
        "state": {
          "type": "tag",
          "state": {
            "sortOrder": "frequency",
            "useHierarchy": true
          }
        }
      },
      {
        "id": "8ee9d9d35177721f",
        "type": "leaf",
        "state": {
          "type": "bookmarks",
          "state": {}
        }
      }
    ],
    "currentTab": 0
  },
  "right": {
    "id": "94b46fc34e2d517a",
    "type": "mobile-drawer",
    "children": [
      {
        "id": "c0b8dd9010746239",
        "type": "leaf",
        "state": {
          "type": "backlink",
          "state": {
            "collapseAll": false,
            "extraContext": false,
            "sortOrder": "alphabetical",
            "showSearch": false,
            "searchQuery": "",
            "backlinkCollapsed": false,
            "unlinkedCollapsed": true
          }
        }
      },
      {
        "id": "e1d7db01d0aac051",
        "type": "leaf",
        "state": {
          "type": "outgoing-link",
          "state": {
            "linksCollapsed": false,
            "unlinkedCollapsed": true
          }
        }
      },
      {
        "id": "8e3c8c1818f63298",
        "type": "leaf",
        "state": {
          "type": "outline",
          "state": {}
        }
      }
    ],
    "currentTab": 0
  },
  "left-ribbon": {
    "hiddenItems": {
      "publish:Publish changes...": false,
      "switcher:Open quick switcher": false,
      "graph:Open graph view": false,
      "canvas:Create new canvas": false,
      "daily-notes:Open today's daily note": false,
      "templates:Insert template": false,
      "command-palette:Open command palette": false,
      "darlal-switcher-plus:Open in Headings Mode": false,
      "darlal-switcher-plus:Open Symbols for the active editor": false,
      "float-search:Search Obsidian In Modal": false,
      "obsidian-metatable:Metatable": false,
      "table-editor-obsidian:Advanced Tables Toolbar": false
    }
  },
  "active": "ba5e5e5eaa249e8e",
  "lastOpenFiles": [
    "Witaminy (podkategoria).md",
    "Pamięć (podkategoria).md",
    "Trądzik (dolegliwość).md"
  ]
}